recorded_at,tag,asset,download_count
2026-09-19T13:14:57Z,v1.0.0,Bible-OnAir-Setup-1.0.0.exe,7
2026-09-19T13:14:57Z,v1.0.0,Bible-OnAir-Setup-1.0.0.exe.blockmap,2
2026-09-19T13:14:57Z,v1.0.0,latest.yml,21
2026-09-19T13:14:57Z,v1.1.0,Bible-OnAir-Setup-1.1.0.exe,6
2026-09-19T13:14:57Z,v1.1.0,Bible-OnAir-Setup-1.1.0.exe.blockmap,1
2026-09-19T13:14:57Z,v1.1.0,latest.yml,19
2026-09-19T13:14:57Z,v1.1.1,Bible-OnAir-Setup-1.1.1.exe,7
2026-09-19T13:14:57Z,v1.1.1,Bible-OnAir-Setup-1.1.1.exe.blockmap,2
2026-09-19T13:14:57Z,v1.1.1,latest.yml,6
2026-09-20T21:01:58Z,v1.0.0,Bible-OnAir-Setup-1.0.0.exe,7
2026-09-20T21:01:58Z,v1.0.0,Bible-OnAir-Setup-1.0.0.exe.blockmap,2
2026-09-20T21:01:58Z,v1.0.0,latest.yml,25
2026-09-20T21:01:58Z,v1.1.0,Bible-OnAir-Setup-1.1.0.exe,6
2026-09-20T21:01:58Z,v1.1.0,Bible-OnAir-Setup-1.1.0.exe.blockmap,1
2026-09-20T21:01:58Z,v1.1.0,latest.yml,23
2026-09-20T21:01:58Z,v1.1.1,Bible-OnAir-Setup-1.1.1.exe,7
2026-09-20T21:01:58Z,v1.1.1,Bible-OnAir-Setup-1.1.1.exe.blockmap,2
2026-09-20T21:01:58Z,v1.1.1,latest.yml,9
2026-09-27T21:33:39Z,v1.0.0,Bible-OnAir-Setup-1.0.0.exe,7
2026-09-27T21:33:39Z,v1.0.0,Bible-OnAir-Setup-1.0.0.exe.blockmap,2
2026-09-27T21:33:39Z,v1.0.0,latest.yml,92
2026-09-27T21:33:39Z,v1.1.0,Bible-OnAir-Setup-1.1.0.exe,6
2026-09-27T21:33:39Z,v1.1.0,Bible-OnAir-Setup-1.1.0.exe.blockmap,1
2026-09-27T21:33:39Z,v1.1.0,latest.yml,91
2026-09-27T21:33:39Z,v1.1.1,Bible-OnAir-Setup-1.1.1.exe,10
2026-09-27T21:33:39Z,v1.1.1,Bible-OnAir-Setup-1.1.1.exe.blockmap,2
2026-09-27T21:33:39Z,v1.1.1,latest.yml,81
2026-10-04T21:52:33Z,v1.0.0,Bible-OnAir-Setup-1.0.0.exe,7
2026-10-04T21:52:33Z,v1.0.0,Bible-OnAir-Setup-1.0.0.exe.blockmap,2
2026-10-04T21:52:33Z,v1.0.0,latest.yml,219
2026-10-04T21:52:33Z,v1.1.0,Bible-OnAir-Setup-1.1.0.exe,6
2026-10-04T21:52:33Z,v1.1.0,Bible-OnAir-Setup-1.1.0.exe.blockmap,1
2026-10-04T21:52:33Z,v1.1.0,latest.yml,218
2026-10-04T21:52:33Z,v1.1.1,Bible-OnAir-Setup-1.1.1.exe,13
2026-10-04T21:52:33Z,v1.1.1,Bible-OnAir-Setup-1.1.1.exe.blockmap,4
2026-10-04T21:52:33Z,v1.1.1,latest.yml,210
2026-10-04T21:52:33Z,v1.2.0,Bible-OnAir-Setup-1.2.0.exe,0
2026-10-04T21:52:33Z,v1.2.0,Bible-OnAir-Setup-1.2.0.exe.blockmap,0
2026-10-04T21:52:33Z,v1.2.0,latest.yml,23
2026-10-04T21:52:33Z,v1.2.1,Bible-OnAir-Setup-1.2.1.exe,4
2026-10-04T21:52:33Z,v1.2.1,Bible-OnAir-Setup-1.2.1.exe.blockmap,2
2026-10-04T21:52:33Z,v1.2.1,latest.yml,29
2026-10-04T21:52:33Z,v1.2.2,Bible-OnAir-Setup-1.2.2.exe,6
2026-10-04T21:52:33Z,v1.2.2,Bible-OnAir-Setup-1.2.2.exe.blockmap,2
2026-10-04T21:52:33Z,v1.2.2,latest.yml,28
2026-10-04T21:52:33Z,v2.0.0,Bible-OnAir-Setup-2.0.0.exe,2
2026-10-04T21:52:33Z,v2.0.0,Bible-OnAir-Setup-2.0.0.exe.blockmap,1
2026-10-04T21:52:33Z,v2.0.0,latest.yml,11
2026-10-04T21:52:33Z,v2.0.1,Bible-OnAir-Setup-2.0.1.exe,4
2026-10-04T21:52:33Z,v2.0.1,Bible-OnAir-Setup-2.0.1.exe.blockmap,2
2026-10-04T21:52:33Z,v2.0.1,latest.yml,6
